ESNTL_ID,FCLTY_NM,LCLAS_NM,MLSFC_NM,ZIP_NO,FCLTY_ROAD_NM_ADDR,FCLTY_LA,FCLTY_LO,WORKDAY_OPN_BSNS_TIME,WORKDAY_CLOS_TIME,SAT_OPN_BSNS_TIME,SAT_CLOS_TIME,SUN_OPN_BSNS_TIME,SUN_CLOS_TIME,RSTDE_OPN_BSNS_TIME,RSTDE_CLOS_TIME,RSTDE_GUID_CN,TEL_NO,OPTN_DC,ADIT_DC
KCCBSPO23N000000001,1984,북카페,일반서적,03995,서울특별시 마포구 동교로 194 혜원빌딩 1층,37.5573888,126.69228112,,,,,,,,,,,,
KCCBSPO23N000000002,"LIFE,LIFE",북카페,일반서적,21356,인천광역시 부평구 길주남로 46 2층,37.5044242,126.67267348,,,,,,,,,,,,
KCCBSPO23N000000003,고래악어 커피앤북스,북카페,일반서적,16213,경기도 수원시 장안구 창훈로52번길 18 1층,37.2971047,127.70311718,,,,,,,,,,,,
KCCBSPO23N000000004,고래책방,북카페,일반서적,25551,강원특별자치도 강릉시 율곡로 2848,37.7582154,128.88972116,9:00,21:00,9:00,21:00,9:00,21:00,9:00,21:00,연중무휴,0336410700,책과 은은한 커피와 빵굽는 냄새로 가득한 고래책방,"주차 : 가능, 화장실 남녀구분 : 구분, 카페 : 있음"
KCCBSPO23N000000005,고양이서점&카페,북카페,일반서적,03036,서울특별시 종로구 자하문로7길 63 1층,37.5799936,126.69690972,,,,,,,,,,,,
KCCBSPO23N000000006,고양이회관,북카페,일반서적,53026,경상남도 통영시 용남면 대안2길 21 1층,34.8786328,128.84347255,,,,,,,,,,,,
KCCBSPO23N000000007,고읍동커피책방,북카페,일반서적,11492,경기도 양주시 고읍남로191번길 86-7,37.7917654,127.70793638,,,,,,,,,,,,
KCCBSPO23N000000008,그림책카페노란우산 관광대점,북카페,그림서적,63063,제주특별자치도 제주시 애월읍 평화로 2715 제주관광대학교 행복기숙사2호관 2층 1호,33.4477759,126.64349848,,,,,,,,,,,,
KCCBSPO23N000000009,길담서원,북카페,인문서적,32550,충청남도 공주시 효심1길 9 길담서원,36.4491438,127.71195001,12:00,21:00,12:00,21:00,,,,,"일요일, 공휴일",027309949,인문학과 함께 크는 문화 공간,카페 : 있음
KCCBSPO23N000000010,꽃이 왔다 일생이 참 환하다,북카페,일반서적,41946,대구 중구 삼덕동3가 220-2,35.8645409,128.86093148,,,,,,,,,,,,
KCCBSPO23N000000011,꾸메문고 두번째이야기,북카페,일반서적,,"세종특별자치시 한누리대로 2265 1,2층 101,102,201호(대평동, 세종 메디컬센터)",36.4723276,127.72771947,10:00,22:00,10:00,19:00,10:00,19:00,,,,050713731370,1층에는 서점 2층에는 카페공간이 있습니다. 카페공간 전시문의 환영이에요~!,"주차 : 가능, 화장실 남녀구분 : 구분, 카페 : 있음, 리뷰여부 : 있음"
KCCBSPO23N000000012,꿈이룸공작소,북카페,일반서적,50915,경상남도 김해시 가락로124번길 5-2 1층,35.2379784,128.88814868,,,,,,,,,,,,
KCCBSPO23N000000013,나녹북카페,북카페,일반서적,31198,충청남도 천안시 동남구 청수11로 24 에스디빌딩 5층505호,36.7825368,127.71548387,,,,,,,,,,,,
KCCBSPO23N000000014,나무아래서,북카페,일반서적,12048,경기도 남양주시 오남읍 양지로 175-16 1F,37.6926058,127.71994383,,,,,,,,,,,,
KCCBSPO23N000000015,달리는달팽이책방카페,북카페,일반서적,11029,경기도 연천군 전곡읍 은전로77번길 34 1층 103호,38.0298292,127.70678523,,,,,,,,,,,,
KCCBSPO23N000000016,달리책방,북카페,일반서적,63012,제주특별자치도 제주시 한림읍 월계로 18,33.4033027,126.62547297,13:00,19:00,13:00,19:00,13:00,19:00,,,"월요일, 화요일 정기휴무",050714166075,"제주 서쪽 동네 옹포리에 위치한 작은 서점, 달빛아래 책읽는 소리라는 의미를 품은 서점","주차 : 가능, 화장실 남녀구분 : 구분, 카페 : 있음"
KCCBSPO23N000000017,달빛책방&달빛북스,북카페,일반서적,,경상남도 김해시 식만로348번길 42 달빛북스,35.2182267,128.89214052,,,,,,,,,,,,
KCCBSPO23N000000018,달책빵,북카페,일반서적,63360,제주특별자치도 제주시 구좌읍 대수길 10-12,33.5364487,126.68392926,11:00,18:30,11:00,18:30,11:00,18:30,,,"화요일 정기휴무, 임시휴무 인스타 공지",050713054847,베이커리 카페와 독립서점을 함께 운영,"화장실 남녀구분 : 구분, 카페 : 있음, 독립출판물 : 있음, 리뷰여부 : 있음"
KCCBSPO23N000000019,대구서점대구북카페 책속에길이있다,북카페,일반서적,42270,대구광역시 수성구 달구벌대로645길 22 시지우방하이츠 상가2층,35.8415443,128.87112949,,,,,,,,,,,,
KCCBSPO23N000000020,댄싱터틀,북카페,일반서적,25592,강원특별자치도 강릉시 노암길 42,37.7474325,128.89011462,,,,,,,,,,,,
KCCBSPO23N000000021,더숲 초소책방,북카페,일반서적,03033,서울특별시 종로구 인왕산로 172,37.5859414,126.6964205,8:00,21:00,8:00,21:00,8:00,21:00,,,,027350206,[주차장 관련 안내] 주차장 사용이 매우 어려우니 가급적이면 도보/택시/대중교통 이용 부탁드립 니다.,"화장실 남녀구분 : 구분, 카페 : 있음, 리뷰여부 : 있음"
KCCBSPO23N000000022,데시그램북스,북카페,일반서적,32550,충청남도 공주시 효심1길 12-1 데시그램북스,36.4496497,127.7119521,11:00,20:00,11:00,20:00,11:00,20:00,,,,,한옥에 위치한 북카페,카페 : 있음
KCCBSPO23N000000023,도꼬마리,북카페,일반서적,02420,서울특별시 동대문구 휘경로7길 3,37.5955565,127.70628153,10:00,21:00,10:00,18:00,,,,,일요일,07086154080,"이문동 까페 도꼬마리는, 마을 주민들이 함께 운 영하는 형태의 마을까페","화장실 남녀구분 : 구분, 카페 : 있음, 리뷰여부 : 있음"
KCCBSPO23N000000024,동네서점 아르케,북카페,일반서적,48071,부산광역시 해운대구 송정중앙로5번길 77 2층,35.1867726,129.92036551,,,,,,,,,,,,
KCCBSPO23N000000025,두록,북카페,일반서적,53319,경상남도 거제시 장승포로 77 두록,34.8654007,128.87304667,,,,,,,,,,,,
KCCBSPO23N000000026,디플레이스 스터디카페 창원내서점,북카페,일반서적,51218,경상남도 창원시 마산회원구 내서읍 상곡로 60 1층,35.2450434,128.85001776,,,,,,,,,,,,
KCCBSPO23N000000027,라비브북스,북카페,일반서적,10359,경기도 고양시 일산동구 무궁화로141번길 16-7,37.6704511,126.67770498,11:00,19:00,11:00,19:00,,,,,일요일,07088790908,"커피가 있는 작은 동네서점 - 책, 커피, 빈티지컵",카페 : 있음
KCCBSPO23N000000028,러브커피브루어스,북카페,일반서적,16220,경기도 수원시 장안구 월드컵로404번길 10 1층,37.2928246,127.70281856,,,,,,,,,,,,
KCCBSPO23N000000029,맨홀커피웨스턴책방,북카페,일반서적,07267,서울특별시 영등포구 영등포로27길 24 맨홀커피 웨스턴 책방 1층,37.5229918,126.68995265,,,,,,,,,,,,
KCCBSPO23N000000030,문작가의 카페,북카페,일반서적,42628,대구광역시 달서구 용산로 225 3층 문작가의 카페,35.8577994,128.85303227,9:00,17:00,9:00,17:00,,,,,"일요일, 공휴일 휴무",,"작가가 있는 책방,토론과 글쓰기 등 동네 북카페","주차 : 가능, 화장실 남녀구분 : 구분, 카페 : 있음"
KCCBSPO23N000000031,바라나시책골목,북카페,일반서적,63153,제주특별자치도 제주시 동한두기길 35-2,33.5162825,126.65151864,11:00,19:00,,,,,,,주말 휴무,050713799720,인디아를 느끼며 짜이를 마시고 책을 볼 수 있는 작은 집,"주차 : 가능, 화장실 남녀구분 : 구분, 카페 : 있음, 리뷰여부 : 있음"
KCCBSPO23N000000032,버찌책방,북카페,일반서적,34065,대전광역시 유성구 반석로142번길 15-38 1층 버찌책방,36.38912,127.72969705,11:00,17:00,11:00,15:00,,,,,"월요일, 일요일, 공휴일 휴무",050713557362,"맛있는 커피, 티가 있는 우리 동네 문화 사랑방","화장실 남녀구분 : 구분, 카페 : 있음"
KCCBSPO23N000000033,북카페 도토관,북카페,일반서적,63333,제주특별자치도 제주시 조천읍 신북로 453 도토관,33.5439547,126.66588385,,,,,,,,,,,,
KCCBSPO23N000000034,북커스,북카페,일반서적,03004,서울특별시 종로구 평창30길 10 2층,37.6109865,126.697509,11:00,21:00,11:00,21:00,11:00,21:00,,,월요일 휴무,023944588,독서활동 장소,"화장실 남녀구분 : 구분, 카페 : 있음"
KCCBSPO23N000000035,비본책방,북카페,일반서적,55796,전북특별자치도 남원시 쑥고개로 25 2층,35.3993518,127.73796274,,,,,,,,,,,,
KCCBSPO23N000000036,삼복서점,북카페,일반서적,61987,광주광역시 서구 화운로 121,35.1499982,126.68782223,10:00,21:00,10:00,21:00,,,,,"2,4주 일요일 휴무",0623723536,"카페,디저트를 책과 함께 할 수 있는 편안한 공간","주차 : 가능, 카페 : 있음, 리뷰여부 : 있음"
KCCBSPO23N000000037,삼일문고,북카페,일반서적,39229,경상북도 구미시 금오시장로 6,36.1255011,128.8340641,10:00,21:30,10:30,21:00,10:30,21:00,10:30,21:00,,0544530031,"다양한 종류의 서적, 서점 안, 바블리오라는 북카페 존재","주차 : 가능, 화장실 남녀구분 : 구분, 카페 : 있음"
KCCBSPO23N000000038,생각을담는집,북카페,일반서적,17167,경기도 용인시 처인구 원삼면 사암로 59-11,37.194405,127.72997244,,,,,,,,,,,,
KCCBSPO23N000000039,생각지못한기쁨,북카페,일반서적,63524,제주특별자치도 서귀포시 안덕면 신화역사로 583-20,33.3120499,126.63492746,,,,,,,,,,,,
KCCBSPO23N000000040,샵메이커즈,북카페,일반서적,48307,부산광역시 수영구 남천동로 5 2층,35.1430825,129.91097011,12:00,19:00,12:00,19:00,13:00,19:00,,,월요일 휴무,0515129906,"책방, 소품샵, 카페 겸 독립서점","카페 : 있음, 독립출판물 : 있음, 리뷰여부 : 있음"
KCCBSPO23N000000041,서재를 탐하다,북카페,일반서적,41732,대구광역시 서구 고성로 132-2,35.8814949,128.85800731,10:30,16:00,,,,,,,,050713940912,"주인장 없는 독립공간, 서재의 모든 책 열람 및 구매 가능, 핸드드립 블랜딩 서탐커피&티 제공","주차 : 가능, 카페 : 있음"
KCCBSPO23N000000042,서호책방,북카페,일반서적,25807,강원특별자치도 동해시 청운로 84 1동 103호,37.4876328,129.9102961,11:00,18:00,11:00,18:00,11:00,18:00,,,목요일,0335210491,큐레이션 책방과 카페,"주차 : 가능, 카페 : 있음"
KCCBSPO23N000000043,선유서가,북카페,일반서적,07202,서울특별시 영등포구 양평로30가길 22 1층 선유서가,37.5426355,126.68908819,,,,,,,,,,,,
KCCBSPO23N000000044,송송책방,북카페,일반서적,03057,서울특별시 종로구 창덕궁길 84 102호,37.5811933,126.69894288,10:00,20:00,10:00,20:00,,,,,일요일 휴무,07042047572,"출판사 송송책방에서 운영하는 북카페, 주인 소장 책을 마음껏 이용할 수 있음, 책모임 환영","화장실 남녀구분 : 구분, 카페 : 있음"
KCCBSPO23N000000045,스타더스트,북카페,일반서적,03182,서울특별시 종로구 새문안로5길 5-7 3층,37.5708364,126.69744558,11:30,22:00,13:00,18:00,,,,,일요일 휴무,050714057503,"광화문에 위치한 카페 & 모임공간, 카페 휴무 여부는 카카오톡채널로 확인","화장실 남녀구분 : 구분, 카페 : 있음"
KCCBSPO23N000000046,스테이 위드 북,북카페,일반서적,52410,경상남도 남해군 서면 남서대로 1673 오를라섬 1층,34.8102761,127.78355757,,,,,,,,,,,,
KCCBSPO23N000000047,시간의 흐름,북카페,일반서적,52431,경상남도 남해군 이동면 무림로 71 1층,34.8000612,127.79543345,,,,,,,,,,,,
KCCBSPO23N000000048,씨씨윗북 북스토어,북카페,일반서적,49081,부산광역시 영도구 흰여울길 99 씨씨윗북 북스토어,35.0790603,129.9044649,12:00,19:00,10:00,22:00,,,,,일요일 휴무,050713761428,"See Sea with BOOK은,30좌석으로 인원수를 제한합니다.","화장실 남녀구분 : 구분, 카페 : 있음, 리뷰여부 : 있음"
KCCBSPO23N000000049,앨리스앤피터,북카페,일반서적,27453,충청북도 충주시 노은면 솔고개로 737-1 앨리스앤피터,37.0309562,127.77739539,,,,,,,,,,,,
KCCBSPO23N000000050,오늘은책방,북카페,일반서적,38097,경상북도 경주시 소금강로8번길 11-2 1층 오늘은책방,35.8593081,129.92217947,13:00,18:00,13:00,18:00,13:00,18:00,,,"월요일, 화요일",050714948328,"책, 사람, 자연과 함께 하루를 풍성히 하고 싶은 공간","주차 : 가능, 화장실 남녀구분 : 구분, 카페 : 있음"
KCCBSPO23N000000051,오혜,북카페,일반서적,10909,경기도 파주시 송학1길 173-1 1층 오혜,37.7165883,126.67644018,,,,,,,,,,,,
KCCBSPO23N000000052,온적공간,북카페,일반서적,13105,경기도 성남시 수정구 대왕판교로982번길 21-2,37.4289447,127.71045893,,,,,,,,,,,,
KCCBSPO23N000000053,우연한 서점,북카페,일반서적,48290,부산광역시 수영구 민락본동로11번길 12 1층,35.1578911,129.9127873,11:00,22:00,11:00,22:00,11:00,22:00,,,화요일 휴무,050713964777,"커피, 술, 책을 판매","주차 : 가능, 화장실 남녀구분 : 구분, 카페 : 있음, 리뷰여부 : 있음"
KCCBSPO23N000000054,인덱스숍,북카페,일반서적,05071,서울특별시 광진구 아차산로 200 커먼그라운드 3F(나이키 건물 3F),37.5412459,127.70657883,11:00,22:00,11:00,22:00,11:00,22:00,,,,0221221259,"create your index! 인덱스숍은 크리에이터를 위한 책과 커피, 북라이프 콘텐츠를 제안합니다.","주차 : 가능, 화장실 남녀구분 : 구분, 카페 : 있음, 리뷰여부 : 있음"
KCCBSPO23N000000055,전주산책,북카페,일반서적,55041,전북특별자치도 전주시 완산구 기린대로 85,35.8172525,127.71538292,10:00,21:00,10:00,21:00,10:00,21:00,,,,0639077386,"라한호텔의 서점, 작가강연등 다양한 이벤트",카페 : 있음
KCCBSPO23N000000056,제주성산카페 바다방 책과와인,북카페,일반서적,63634,제주특별자치도 서귀포시 성산읍 일주동로 5177-20 1층,33.3740523,126.68734767,,,,,,,,,,,,
KCCBSPO23N000000057,종이잡지클럽 제주,북카페,잡지,63278,제주특별자치도 제주시 산지로 17 2층,33.515348,126.65296735,,,,,,,,,,,,
KCCBSPO23N000000058,즐거운커피x한쪽가게,북카페,일반서적,35276,대전광역시 서구 신갈마로181번길 24-23,36.3507745,127.73664959,,,,,,,,,,,,
KCCBSPO23N000000059,지금은책방 복합문화공간 카페타바,북카페,일반서적,32218,충청남도 홍성군 홍성읍 간동1길 64-56,36.6094142,126.66712368,,,,,,,,,,,,
KCCBSPO23N000000060,지식을담다,북카페,일반서적,02856,서울특별시 성북구 고려대로24가길 17 소낭구 빌딩 1층,37.5853157,127.70304981,10:00,22:00,12:00,19:00,12:00,19:00,,,,029278044,독서활동 장소,카페 : 있음
KCCBSPO23N000000061,진책방,북카페,일반서적,42132,대구광역시 수성구 수성로64길 53 1층,35.8531693,128.86165324,11:00,18:00,,,,,,,,0532418004,"책, 독서모임, 허브차, 꽃차, 일리커피","카페 : 있음 : 독서모임 : 가능, 강연 : 가능"
KCCBSPO23N000000062,차북카페,북카페,일반서적,22554,인천광역시 동구 서해대로513번길 19 촨촨2층차북카페,37.4723289,126.66366755,10:00,21:00,10:00,21:00,10:00,21:00,,,휴무 전일 공지,,"편하게 볼 수 있는 책이 가득, 모든 커피는 핸드드립으로 직접 제조","주차 : 가능, 화장실 남녀구분 : 구분, 카페 : 있음"
KCCBSPO23N000000063,채그로,북카페,일반서적,04178,서울특별시 마포구 마포대로4다길 31,37.5356886,126.69442193,10:00,22:00,10:00,22:00,10:00,22:00,,,,050713410325,한강뷰가 아름다운 독서 피트니스 interactive 서점,"주차 : 가능, 화장실 남녀구분 : 구분, 카페 : 있음"
KCCBSPO23N000000064,채그로,북카페,일반서적,04178,서울특별시 마포구 마포대로4다길 31,37.5356886,126.69442193,10:00,22:00,10:00,22:00,10:00,22:00,,,,050713410325,한강뷰가 아름다운 독서 피트니스 interactive 서점,"주차 : 가능, 화장실 남녀구분 : 구분, 카페 : 있음"
KCCBSPO23N000000065,책먹는돼지,북카페,일반서적,16657,경기도 수원시 권선구 덕영대로1142번길 43,37.2493135,127.70152851,11:00,19:00,11:00,19:00,,,,,"일요일, 월요일",050713385822,"30년간 수집한 돼지와 평생을 함께한 책, 따듯한 차를 나누는 곳",카페 : 있음
KCCBSPO23N000000066,"책방소문,",북카페,일반서적,50133,경상남도 거창군 거창읍 하동1길 62 책방소문,35.6895291,127.79117223,,,,,,,,,,,,
KCCBSPO23N000000067,책방익힘 북스&커피,북카페,일반서적,53320,경상남도 거제시 장승포로1길 13 1층,34.8682225,128.87249636,,,,,,,,,,,,
KCCBSPO23N000000068,책인감,북카페,일반서적,01846,서울특별시 노원구 동일로182길 63-1 2층,37.6235692,127.70775528,12:00,21:00,12:00,21:00,12:00,21:00,,,"월요일 휴무, 화요일 휴무",050713027286,책방이자 사람이 모이고 감성이 있는 장소,카페 : 있음
KCCBSPO23N000000069,청맥살롱,북카페,일반서적,06972,서울특별시 동작구 서달로 161-1 2층,37.5078138,126.69622753,11:00,21:00,11:00,21:00,11:00,21:00,,,,050713151605,"청맥살롱은 커피, 맥주, 책을 즐길 수 있는 중앙 대 북카페&흑석동 동네서점입니다.","화장실 남녀구분 : 구분, 카페 : 있음, 리뷰여부 : 있음"
KCCBSPO23N000000070,최인아책방,북카페,일반서적,06149,서울특별시 강남구 선릉로 521 4층,37.5060349,127.70479557,12:00,20:00,12:00,20:00,12:00,20:00,,,,0220887330,큐레이션 서점,카페 : 있음
KCCBSPO23N000000071,최인아책방,북카페,일반서적,06149,서울특별시 강남구 선릉로 521 4층,37.5060349,127.70479557,12:00,20:00,12:00,20:00,12:00,20:00,,,,0220887330,큐레이션 서점,카페 : 있음
KCCBSPO23N000000072,카페 온당,북카페,일반서적,38817,경상북도 영천시 임고면 포은로 452 카페온당,36.0169287,128.89744979,,,,,,,,,,,,
KCCBSPO23N000000073,카페 이곡서점,북카페,일반서적,32141,충청남도 태안군 태안읍 샘골로 65 카페 이곡서점,36.7550057,126.63035495,,,,,,,,,,,,
KCCBSPO23N000000074,커피행성,북카페,일반서적,25222,강원특별자치도 횡성군 횡성읍 삼일로 60 1층,37.494759,127.79863792,11:00,22:00,11:00,22:00,11:00,18:00,,,월요일,050713579755,커피와 인문서적 등,"주차 : 가능, 카페 : 있음"
KCCBSPO23N000000075,터득골북샵,북카페,일반서적,26492,강원특별자치도 원주시 흥업면 대안로 511-42 터득골북샵,37.2679343,127.7872102,11:00,19:00,11:00,19:00,11:00,19:00,,,월요일,0337627140,브런치와 카페를 함께 즐길 수 있는 북카페,카페 : 있음
KCCBSPO23N000000076,토닥토닥괜찮아,북카페,일반서적,15445,경기도 안산시 단원구 초지로 118 대일타운 204호,37.3094713,126.68153392,,,,,,,,,,0314113035,,카페 : 있음
KCCBSPO23N000000077,통북스스터디카페,북카페,일반서적,31120,충청남도 천안시 동남구 만남로 17 .,36.8192929,127.7153908,,,,,,,,,,,,
KCCBSPO23N000000078,하늘북,북카페,일반서적,16356,경기도 수원시 장안구 덕영대로417번길 73,37.3038277,126.69682145,,,,,,,,,,0535910911,,카페 : 있음
KCCBSPO23N000000079,하늘북,북카페,일반서적,18423,경기도 화성시 동탄하나2길 20 1층 102호(능동),37.2147568,127.7061686,,,,,,,,,,0535910911,,카페 : 있음
KCCBSPO23N000000080,하프앤보울,북카페,일반서적,18111,경기도 오산시 외삼미로 85 1층 하프앤보울,37.1931417,127.70594423,,,,,,,,,,,,
KCCBSPO23N000000081,한옥카페소북,북카페,일반서적,52257,경상남도 산청군 신등면 신차로 526-9 단계리646-3,35.379423,128.80100299,,,,,,,,,,,,
KCCBSPO23N000000082,해밀서점 책읽는커피,북카페,일반서적,12056,경기도 남양주시 진접읍 해밀예당1로 79-1 102호,37.7160172,127.71885967,9:00,20:30,9:00,20:30,11:00,19:00,,,,,커피와 음료가 함께하는 동네서점. 참고서 문제집 소설 등 다양한 장르 도서,"화장실 남녀구분 : 구분, 카페 : 있음"
KCCBSPO23N000000083,해호미,북카페,일반서적,28655,충청북도 청주시 서원구 사직대로 308-2 2층 해호미,36.6359467,127.7481659,,,,,,,,,,,,
KCCBSPO23N000000084,햇살속으로,북카페,일반서적,,서울특별시 성북구 정릉로 346 201,37.6015463,127.7021432,10:00,22:00,10:00,22:00,,,,,일요일 휴무,025125272,독서활동 장소,카페 : 있음
KCCBSPO23N000000085,행성리여행,북카페,일반서적,57320,전라남도 담양군 대전면 행정길 1-15 (행성리 93),35.2878199,126.6908383,,,,,,,,,,,,
KCCBSPO23N000000086,향기나무카페,북카페,일반서적,07392,서울특별시 영등포구 신풍로25가길 14,37.5009789,126.69184931,,,,,,,,,,,,
KCCBSPO23N000000087,호남문고,북카페,일반서적,55008,전북특별자치도 전주시 덕진구 안덕원로 240,35.8362154,127.71531821,,,,,,,,,,0632434664,다양한 종류의 서적,"주차 : 가능, 화장실 남녀구분 : 구분, 카페 : 있음, 리뷰여부 : 있음"
KCCBSPO23N000000088,호남문고,북카페,일반서적,54950,전북특별자치도 전주시 완산구 서신로 50 호남문고,35.8297196,127.71160425,,,,,,,,,,0632434664,다양한 종류의 서적,"주차 : 가능, 화장실 남녀구분 : 구분, 카페 : 있음, 리뷰여부 : 있음"
KCCBSPO23N000000089,훌드,북카페,일반서적,47247,부산광역시 부산진구 서전로47번길 25 1층 [Huld 훌드],35.1588743,129.906436,,,,,,,,,,,,
KCCBSPO23N000000090,걸리버스,북카페,일반서적,14994,경기 시흥시 승지로69번길 10 1층,37.3705138635648,126.809642024733,12:00,18:00,12:00,18:00,12:00,18:00,,,,050713768781,"닻을 올려요 돛을 펼쳐요 핑그르르 도는 키 나침반 위의 왈츠 - 걸리버스, 걸리버스 탐험기 (2020)",
KCCBSPO23N000000091,퐁당 그림책방&클래스,북카페,아동서적,31198,충남 천안시 동남구 청수15길 5-5 1층,36.787392529305,127.151149493449,12:00,18:00,11:00,18:00,,,,,"월요일,일요일",050713660284,Pongdang은 유아교육전문가이자 그림책 북큐레이터가 운영하는 그림책 전문서점입니다. 퐁당그림책방&클래스는 서점 / 카페 / 클래스 가 복합적으로 운영되는 복합 문화공간입니다.,"단체 이용 가능, 예약, 무선 인터넷, 유아시설 (놀이방)"
KCCBSPO23N000000092,책방오다,북카페,독립서적,58126,전남 화순군 화순읍 알메로 5 1층,35.0555120196726,126.994490524813,11:00,17:00,11:00,18:00,,,,,"월요일,일요일",050714552487,"아늑한 북카페로, 책과 차를 함께 즐길 수 있는 복합문화공간입니다. 유기농 핸드드립 커피, 콜드브루, 차, 아이스티, 딸기라떼 등을 마시며 책을 읽거나 독서모임, 북토크, 책방나들이 같은 다양한 문화 활동을 경험하실 수 있습니다.",
KCCBSPO23N000000093,어느날산책,북카페,일반서적,51408,경남 창원시 성산구 원이대로 320 제1층 제지-121호,35.2396668440149,128.654408692296,10:00,20:00,10:00,20:00,,,,,일요일,,"동네책방으로, 차 한 잔의 여유와 함께 나만의 독서공간과 시간을 즐길 수 있는 곳입니다. 책 구매도 가능하고 열람할 수 있는 다양한 책들도 구비되어 있어요. 작가와의 만남을 통한 북토크, 모임을 위한 별도의 공간대여, 하브루타 독서토론, 연령별 독서토론과 글쓰기 활동에도 참여 하실 수 있어요.","단체 이용 가능, 예약, 무선 인터넷, 남/녀 화장실 구분, 배달, 장애인 휠체어 이용가능, 좌석 휠체어 이용가능, 장애인 주차구역"
KCCBSPO23N000000094,양보책방 . 다방,북카페,일반서적,52335,경남 하동군 양보면 서비길 161,35.095949944679,127.852203005438,11:00,18:00,11:00,18:00,11:00,18:00,,,수요일,050713714497,양보책방 . 다방은 석민재 시인이 운영하고 있습니다.,
KCCBSPO23N000000095,책방달방,북카페,일반서적,24264,강원 춘천시 향교뒷길 6-1 1층,37.8832067146527,127.734247167167,,,,,,,,,,,한때는 대학생들이 북적거리던 원룸건물을 그대로 사용하고 있는 춘천 교동에 위치한 독립서점입니다. 책을 구매하지 않고 책을 읽으러 오시기만 하셔도 됩니다. 책모임이나 공간이 필요하시면 언제든 연락주세요.,"주차, 반려동물 동반, 단체 이용 가능, 예약"
KCCBSPO23N000000096,인터뷰책방,북카페,일반서적,63569,제주특별자치도 서귀포시 중산간동로 8353 2층,33.2611006933909,126.524230840918,12:00,19:00,12:00,19:00,,,,,"일요일, 수요일",,"바다뷰가 보이는 책방겸 카패, 독서미옴과 강연도 자주 함","주차 : 가능, 화장실 남녀구분 : 구분, 카페 : 있음"
KCCBSPO23N000000097,책쾌,북카페,역사서적,16251,경기 수원시 팔달구 화서문로48번길 26-1 책쾌,37.284280292754,127.013828384099,13:00,20:00,13:00,20:00,13:00,20:00,,,"월요일,화요일",050713244165,"책쾌는 조선시대 관련도서를 다루는 테마책방입니다. 한옥공간 안에서 책과 음료가 공존하는 북카페입니다,",
KCCBSPO23N000000098,소리책방,북카페,일반서적,16800,경기 용인시 수지구 동천로 622 2층,37.3576538910417,127.054796408866,9:00,17:30,,,,,,,,,소명협동조합에서 운영하는 소리책방입니다. 예쁜 책방 공간과 카페 그리고 넓은 테라스가 멋집니다,
KCCBSPO23N000000099,종로북앤베이커리 구리갈매점,북카페,일반서적,11901,경기 구리시 갈매순환로166번길 45 . 지하1층 B149호,37.6347039369487,127.123335648168,11:00,20:00,11:00,20:00,,,,,일요일,0315101227,,
KCCBSPO23N000000100,서점&카페 서다,북카페,일반서적,11023,경기 연천군 청산면 학담로 92,37.9970582096758,127.072323668975,11:00,19:00,11:00,19:00,11:00,19:00,,,"월요일, 화요일",050713130641,"로고에서 보듯, 서점이며 카페여서 글 서, 차 다 그래서 서다입니다.",
KCCBSPO23N000000101,열린책방,북카페,일반서적,51404,경남 창원시 성산구 창원대로 520,35.227475601561,128.651621571225,11:00,19:00,11:00,19:00,11:00,19:00,,,,07088870621,,
KCCBSPO23N000000102,빛솔서점,북카페,일반서적,05237,서울 강동구 고덕로 89 B02호,37.5549341269866,127.135286586028,13:00,22:00,13:00,22:00,,,,,일요일,050714039401,"작은 서점이지만, 북카페 형식으로 운영하는 서점입니다~! 편하게 오셔서 여유 있게 계시다가 좋은책도 구입하시고 성장하는 모든 이들되길 바랍니다.",
KCCBSPO23N000000103,정희책방,북카페,일반서적,30076,세종 부강면 부강로 31 2층,36.5287913702733,127.366392318629,9:00,21:00,9:00,21:00,,,,,일요일,0442750675,,
KCCBSPO23N000000104,오마이북,북카페,일반서적,38334,경북 청도군 화양읍 동천3길 67,35.6467670462551,128.711734630629,10:00,21:00,10:00,21:00,10:00,21:00,,,,0543713030,"매주 다양한 신간, 도서구입시 음료 천원 할인","주차 : 가능, 화장실 남녀구분 : 구분, 카페 : 있음, 독서모임 : 가능"
KCCBSPO23N000000105,선택의자유,북카페,일반서적,42824,대구광역시 달서구 송현로10길 6 1층,35.8227749807047,128.547526931409,12:00,21:00,12:00,21:00,12:00,21:00,,,,050713479322,"작은책방/카페, 맞춤형 영어강의와 독서모임도 진행","카페 : 있음 : 독서모임 : 가능, 강연 : 가능"
KCCBSPO23N000000106,숲실그림책방&카페,북카페,그림서적,39660,경북 김천시 용전4로1길 6 1층 101호,36.1221258267347,128.1927095794,10:00,18:00,10:00,14:00,,,,,"월요일,일요일",,김천시 율곡동에 자리한 그림책방 & 카페 '숲실' 입니다.,
KCCBSPO23N000000107,책방느림,북카페,중고서적,52011,경남 함안군 대산면 월포길 4,35.351368940609,128.439423235678,11:30,19:00,11:30,19:00,11:30,19:00,,,,050713302386,다시 종이책의 시간으로... 책 향기 커피 향기가 머물러있는 곳,
KCCBSPO23N000000108,밀당책방,북카페,일반서적,52257,경남 산청군 신등면 신차로 526-9,35.379421173455,128.010036553079,11:00,19:00,11:00,19:00,11:00,19:00,,,,050713326139,한옥카페 소북과 함께하는 작은책방입니다. 산청동네책방입니다,
KCCBSPO23N000000109,그레타책방,북카페,그림서적,41919,대구광역시 중구 서성로14길 14 1층,35.8724203869861,128.588335030003,,,,,,,,,,050713083529,"그림책방, 인형극 책방",카페 : 있음
KCCBSPO23N000000110,북어위크,북카페,일반서적,06369,"서울 강남구 자곡로11길 28 LH수서2단지 상가 2층, 201호",37.4795720510379,127.107028932853,8:00,19:00,8:00,19:00,8:00,19:00,,,,050713591291,커피&북 셀렉샵 북어위크(bookaweek)입니다.,
KCCBSPO23N000000111,비에도 지지않고,북카페,일반서적,11419,경기 양주시 광적면 가래비길 79 스마일 꽈배기(비에도 지지않고),37.8236910216925,126.98462103332,13:00,22:00,13:00,22:00,13:00,22:00,,,월요일,050713419726,책과 커피를 즐길 수 있는 공간입니다. 구매 원하시는 책 있으시면 입고해드립니다!책 출고 소요기간:익일에서 사흘 정도영업시간 13:00 ~22:00매주 월요일 휴무 무인커피는 연중무휴 24시간 즐기실 수 있습니다!,
KCCBSPO23N000000112,홍문당서적용암점,북카페,일반서적,28776,충북 청주시 상당구 월평로 172,36.6105866102036,127.503559594267,9:30,23:00,10:00,22:00,10:00,22:00,,,,0432943796,,
KCCBSPO23N000000113,"서사, 당신의 서재",북카페,일반서적,06567,서울 서초구 동작대로 138 2층,37.4889521842247,126.982754111556,11:00,22:00,11:00,22:00,,,,,일요일,,일과 삶의 맥락을 찾는 서점 및 북카페입니다.,
KCCBSPO23N000000114,종로서적 미사현대점,북카페,일반서적,12925,"경기 하남시 미사대로 520 현대지식산업센터 한강미사2차 C,D동 지하2층",37.5588264366331,127.204686431376,11:00,20:00,11:00,20:00,11:00,20:00,,,,03180184591,"종로서적 미사 현대점은 영화관과 연결된 향기로운 커피 향이 어우러지는 공간으로 어린이들이 즐겁게 읽을 수 있는 도서, 다양한 학습지, 베스트셀러와 신간, 문구 팬시로 구성되어 있습니다.커피한잔의 여유와 함께 독서의 즐거움을 누려보세요.",
KCCBSPO23N000000115,오래책방,북카페,일반서적,18474,경기 화성시 동탄치동천로3길 20 102호,37.2036868372439,127.122509264061,10:00,19:00,12:00,18:00,,,,,일요일,,북카페 독서모임 글쓰기모임 북키핑 책구매시 음료할인 책방지기의 큐레이팅 도서,
KCCBSPO23N000000116,책방 문,북카페,일반서적,27638,충북 음성군 금왕읍 대금로 1434-10 문카페(책방문),36.9873346136673,127.591568899566,11:00,18:00,11:00,18:00,11:00,18:00,,,월요일,,,
KCCBSPO23N000000117,"책방, 잇다",북카페,일반서적,32547,충남 공주시 웅진로 145-1 1층,36.4533337206135,127.124147005531,11:30,20:00,11:30,20:00,11:30,20:00,,,월요일,050713264886,"공주 원도심 '잠자리가 놀다간 골목'에 있는 작은 동네 책방으로,책 / 커피 / 차가 있는 공간입니다.책방지기가 큐레이션한 책들과 함께 편안하게 머물며 사유의 시간을 가져보세요.",
KCCBSPO23N000000118,시간여행자의책방,북카페,일반서적,54023,전북 군산시 월명로 487-2,35.9844368113514,126.707497619667,13:00,20:00,12:00,19:00,,,,,"일요일, 월요일",,,
KCCBSPO23N000000119,경험서재,북카페,일반서적,04107,서울 마포구 백범로 35 서강대학교 곤자가홀 1층 (공차 우측 외부에 있어요),37.5514649610226,126.942979960696,11:00,19:00,11:00,19:00,,,,,"일요일, 월요일",050713727932,"경험서재는 서강대학교 캠퍼스 내에 있는 독립서점입니다. 좋은 경험을 만들고, 나누고, 수집하기 위해 국내 대표적 디자인/비즈니스 전문 출판사 유엑스리뷰가 만든 공간입니다.북 큐레이터가 엄선한 다양한 분야의 책들이 있고, 독서하기 좋은 북카페 공간도 마련돼 있어요! 구입하신 책은 서점에서 읽고 갈 수 있습니다^^ 서강대 학생은 물론 동네 주민들, 책을 좋아하는 분들 모두 환영합니다!",
KCCBSPO23N000000120,읽다익다 책방 북카페,북카페,일반서적,42287,대구 수성구 고산로4안길 33-10 1층 읽다익다 책방 북카페,35.8310568214634,128.704379408972,12:00,18:00,10:30,18:00,,,,,"목요일, 일요일",050714161125,,
KCCBSPO23N000000121,"안녕, 나의 책방",북카페,일반서적,37731,경북 포항시 남구 송림로 84 1층(송도동),36.0372234005348,129.374842110912,10:00,19:00,10:00,19:00,,,,,일요일,050713860349,,
KCCBSPO23N000000122,언덕위에책밭,북카페,일반서적,25527,강원 강릉시 발락고개길 38 2층,37.7542634743197,128.88427607202,,,10:00,19:00,10:00,19:00,,,,050713670321,책밭지기가 소장하고 있는 다양한 분야의 책들로 만들어진 도서관형 북카페로 도서 판매도 함께 하고 있습니다.,
KCCBSPO23N000000123,햅칠탐,북카페,일반서적,24904,강원 속초시 상도문길 7,38.1647282697697,128.55634950106,11:00,18:00,11:00,18:00,11:00,18:00,,,수요일,,"커피, 와인, 그리고 책을 판매하는 칠링 스페이스.한 템포 쉬어가고 싶은 이들에게 차분하고 평화로운 순간을 선물합니다.여유롭고 차분한 분위기 속에서 삶의 작은 행복을 발견하며 편안한 시간을 즐기셨으면 하는 바램입니다.",
KCCBSPO23N000000124,넉점반그림책방,북카페,그림서적,35007,대전 중구 보문산로227번안길 50 넉점반그림책방,36.306662131854,127.402870311118,12:00,20:00,12:00,20:00,12:00,20:00,,,,050714475131,,
KCCBSPO23N000000125,그레이스힐링북카페 지역서점,북카페,일반서적,12798,경기 광주시 양벌로353번길 17-18 플로레 103동 1층 102호,37.3672166620603,127.24745878984,11:00,18:00,11:00,17:00,13:00,17:00,,,,050713675428,,
KCCBSPO23N000000126,감마책방,북카페,일반서적,11444,경기 양주시 평화로1466번길 16 1층,37.8208164104371,127.049265186863,7:00,0:00,7:00,0:00,7:00,0:00,,,,,무인 책방.나만의 아지트에서 힐링의 시간을 보내시길,
KCCBSPO23N000000127,지금책방,북카페,일반서적,37881,경북 포항시 남구 오천읍 남원로 86-20 1층 지금책방,35.9713884621326,129.400820837869,13:00,20:00,13:00,20:00,,,,,일요일,050713135063,,
KCCBSPO23N000000128,북카페 책 읽어주는 남자,북카페,일반서적,50620,경남 양산시 양주3길 59 1층,35.3425010896166,129.030184604032,10:30,21:00,10:30,21:00,,,,,일요일,050714787750,,
KCCBSPO23N000000129,북눅 순라,북카페,일반서적,03128,서울 종로구 창경궁로 124 2층,37.5735205080168,126.997801302743,6:00,0:00,6:00,24:00:00,6:00,0:00,,,,050714651626,"누구에게도 방해받지 않고글, 그리고 나에게 집중할 수 있는북눅에 여러분을 초대합니다.",
KCCBSPO23N000000130,카페 동네+독립서점달팽이,북카페,일반서적,34165,대전 유성구 유성대로783번길 25 1층카페동네,36.3627401384074,127.335516924305,10:00,22:00,10:30,21:00,10:30,21:00,,,,050713835572,,
KCCBSPO23N000000131,북스북스,북카페,만화책,25510,강원도 강릉시 솔올로 66 문화빌딩 2층,37.7677497797362,128.878982542856,11:00,23:00,11:00,23:00,11:00,23:00,11:00,23:00,,0336517277,만화카페,"화장실 남녀구분 : 구분, 카페 : 있음"
KCCBSPO23N000000132,북스북스,북카페,만화책,25510,강원도 강릉시 솔올로 66 문화빌딩 2층,37.7677497797362,128.878982542856,11:00,23:00,11:00,23:00,11:00,23:00,11:00,23:00,,0336517277,만화카페,"화장실 남녀구분 : 구분, 카페 : 있음"
KCCBSPO23N000000133,서점 북미,북카페,예술서적,38140,경북 경주시 북성로 103-1 2층,35.8474536185692,129.213157748594,12:00,19:00,12:00,19:00,12:00,19:00,,,월요일,050713317840,영화 관련 전문 서점 <BookMe>입니다.경주 읍성 뷰를 보며 모카포트 커피 및 음료를 즐길 수 있는 조용하고 편안한 서점입니다.,
KCCBSPO23N000000134,노블앤오블북스,북카페,일반서적,51744,경남 창원시 마산합포구 해안대로 7,35.1807900859959,128.559752350494,,,,,,,,,,,,
KCCBSPO23N000000135,언어의 정원,북카페,일반서적,52731,경남 진주시 초전북로39번길 5-2 1층 언어의 정원,35.2086736247603,128.111032634466,12:00,20:00,11:00,20:00,11:00,20:00,,,월요일,050714453730,귀여운 아기 강아지가 있어요!,
KCCBSPO23N000000136,책방바라타리아,북카페,일반서적,24241,강원 춘천시 당간지주길74번길 5,37.8919522729637,127.723894397382,11:00,19:00,11:00,19:00,11:00,19:00,,,화요일,050713253180,"춘천 근화동에 위치한 낭만적인 서점 & 카페- '책' 또는 '음료' 주문 <필수>- 휴무일: 화요일 - 10세 이상 이용 가능- 제로페이, 지역상품권 가능, 문화누리카드(책) 가능- 바로대출 서비스 가능 - 음료 테이크아웃 가능- 애완동물 출입 제한- 무료주차장 안내: 선거관리위원회 주차장, 봄내영화촬영소 옆 무료주차공간, 춘천자전거 건너편 공영주차장 이용",
KCCBSPO23N000000137,고메북스,독립서점,북카페,10379,경기도 고양시 일산서구 중앙로 1470 동부썬프라자 B동 128호,37.6722283,126.67575083,12:00,19:00,12:00,19:00,,,,,일요일,050713368305,동네서점 독립출판 북카페&바,"주차 : 가능, 화장실 남녀구분 : 구분, 카페 : 있음, 독립출판물 : 있음, 북토크 : 가능, 독서모임 : 가능, 강연 : 가능"
KCCBSPO23N000000138,낯가리는 책방,독립서점,북카페,59743,전라남도 여수시 공화남1길 11 1층 왼쪽,34.7451968,127.77438677,12:00,18:00,12:00,18:00,12:00,18:00,,,수요일 휴무,050713756548,"시,소설,에세이를 취급하고 있는 마을책방입니다. 커피와 음료도 드실 수 있습니다.","주차 가능, 화장실 남녀 구분, 카페 있음, 리뷰 있음"
KCCBSPO23N000000139,보틀북스,독립서점,북카페,52859,경상남도 진주시 범골로60번길 7 상가동 1층 B호,35.1704024,128.81317127,0:00,23:59,0:00,23:59,0:00,23:59,,,코로나19로 인한 장기휴점,050713221926,책과 따뜻한 커피를 즐길 수 있는 문학살롱,"카페 : 있음, 리뷰여부 : 있음"
KCCBSPO23N000000140,블루본즈 1호점,독립서점,북카페,54647,전북특별자치도 익산시 동서로5길 116 2층 블루본즈 카페,35.9601056,126.69602759,12:00,21:00,12:00,21:00,12:00,21:00,,,,050714391715,사색 할 수 있는공간,"주차 : 가능, 화장실 남녀구분 : 구분, 카페 : 있음, 리뷰여부 : 있음"
KCCBSPO23N000000141,산밑소담,문구서점,북카페,44959,울산광역시 울주군 청량읍 율리영해1길 150-1,35.5294258,129.92296551,,,12:00,20:00,12:00,20:00,,,평일은 금요일 12:00~20:00 만 운영,,"서점과 카페,디저트,맥주 판매","주차 : 가능, 카페 : 있음"
KCCBSPO23N000000142,서점 리스본,독립서점,북카페,03979,서울특별시 마포구 성미산로23길 60 1층,37.5661037,126.69200702,13:00,20:00,13:00,20:00,13:00,20:00,,,월요일,050714652376,"생일책, 비밀책 등 다양한 테마가 있는 서점",카페 : 있음
KCCBSPO23N000000143,서점 리스본,독립서점,북카페,03979,서울특별시 마포구 성미산로23길 60 1층,37.5661037,126.69200702,13:00,20:00,13:00,20:00,13:00,20:00,,,월요일,050714652376,"생일책, 비밀책 등 다양한 테마가 있는 서점",카페 : 있음
KCCBSPO23N000000144,숨북숨북,독립서점,북카페,51017,경상남도 김해시 율하3로8번길 38,35.1682371,128.88135631,,,,,,,,,,07041770118,"책,커피,음악 공간 대여","카페 : 있음, 공간대여 : 가능"
KCCBSPO23N000000145,스테레오북스,독립서점,북카페,47900,부산광역시 동래구 온천천로453번길 14 2층,35.1919311,129.9103045,11:00,22:00,11:00,22:00,11:00,18:00,,,,050714941020,부산 동래구 안락동의 음악이 있는 책,"주차 가능, 리뷰 있음"
KCCBSPO23N000000146,오케이어 맨션,독립서점,북카페,04049,서울특별시 마포구 와우산로11길 9-7 상수라이크 2층,37.5486095,126.69224489,13:00,21:00,12:00,20:00,12:00,20:00,,,월요일 휴무,050714741165,서점형 카페,"주차 : 가능, 화장실 남녀구분 : 구분, 카페 : 있음, 리뷰여부 : 있음"
KCCBSPO23N000000147,인디무브,독립서점,북카페,50502,경상남도 양산시 하북면 통도사로 71 1층,35.4936311,129.90825215,12:00,21:00,12:00,21:00,12:00,21:00,,,"월,화는 예약자만 이용 가능",07077931303,"북살롱, 와인, 등이 있는 동네책방",카페 : 있음
KCCBSPO23N000000148,작은새책방,독립서점,북카페,56192,전북특별자치도 정읍시 학산로 51-1,35.5622558,126.68703609,10:00,18:00,10:00,18:00,,,,,"일, 월 휴무",050713992351,,"주차 : 가능, 화장실 남녀구분 : 구분, 카페 : 있음, 리뷰여부 : 있음"
KCCBSPO23N000000149,주책공사,독립서점,북카페,48290,부산광역시 수영구 민락본동로19번길 36-11,35.1584146,129.91266472,11:00,20:00,11:00,20:00,11:00,20:00,,,일요일 휴무,,커피와 책이 있는 문화복합공간,"카페 : 있음, 독립출판물 : 있음, 리뷰여부 : 있음"
KCCBSPO23N000000150,차방책방,독립서점,북카페,41919,대구광역시 중구 경상감영길 60 1층 차방책방,35.8714252,128.85907352,11:00,20:30,,,,,,,일요일 휴무,0533534878,독립서점과 북카페의 복합공간,"카페 : 있음, 독립출판물 : 있음"
KCCBSPO23N000000151,책과생활,독립서점,북카페,61465,광주광역시 동구 제봉로 100-1 2층,35.1473745,126.69221439,12:00,20:00,12:00,20:00,13:00,18:00,,,매월 마지막주 월요일 휴무,050713099231,"아트북, 인문사회서적, 문학책, 독립출판물",카페 : 있음
KCCBSPO23N000000152,책방 세간,독립서점,북카페,33124,충청남도 부여군 규암면 자온로 82 책방세간,36.2737436,126.68888113,12:00,19:00,12:00,19:00,12:00,19:00,12:00,19:00,,0418348205,"독립서점, 북카페","화장실 남녀구분 : 구분, 카페 : 있음"
KCCBSPO23N000000153,책방마실,독립서점,북카페,24346,강원특별자치도 춘천시 옥천길 27 2층,37.8822158,127.77302636,12:00,22:00,12:00,22:00,12:00,19:00,,,,,춘천에 위치한 작은 서점,"카페 : 있음, 독립출판물 : 있음"
KCCBSPO23N000000154,치읓의자리,독립서점,북카페,61197,광주광역시 북구 서방로159번길 47 1층,35.1713767,126.69305719,11:00,20:00,11:00,20:00,11:00,20:00,,,화요일 휴무,050713469038,책과 음료를 즐길 수 있는 독립서점,"주차 : 가능, 화장실 남녀구분 : 구분, 카페 : 있음, 리뷰여부 : 있음"
KCCBSPO23N000000155,호호북앤와인,독립서점,북카페,07976,서울특별시 양천구 목동중앙본로2길 46-39 상가 1층,37.539975,126.68728128,,,,,,,,,,,,
KCCBSPO23N000000156,휘게문고 NC백화점 대전유성점,문구서점,북카페,34187,대전광역시 유성구 계룡로 119,36.353739,127.73440396,,,,,,,,,,,,
KCCBSPO23N000000157,휘게문고 롯데백화점 상인점,문구서점,북카페,42809,대구광역시 달서구 월배로 232 7층,35.8187686,128.85385154,,,,,,,,,,,,
KCCBSPO23N000000158,휘게문고 롯데프리미엄아울렛 의왕점,문구서점,북카페,16016,경기도 의왕시 바라산로 1 GF층,37.3759865,127.70095466,,,,,,,,,,,,
KCCBSPO23N000000159,휘게문고 본점,문구서점,북카페,28516,충청북도 청주시 상당구 상당로 66 나보나스퀘어 3층,36.6342782,127.7491059,,,,,,,,,,,,
KCCBSPO23N000000160,휘게문고 현대프리미엄아울렛 대전점,문구서점,북카페,34030,대전광역시 유성구 테크노중앙로 123 현대프리미엄 아울렛 대전점 2층,36.4234369,127.73985168,,,,,,,,,,,,
KCCBSPO23N000000161,명문서적북카페,일반서점,북카페,63584,제주특별자치도 서귀포시 중앙로 121 아동도서 할인서점,33.2554535942731,126.560381317055,,,,,,,,,,0647327572,독서활동장소,"주차 : 가능, 화장실 남녀구분 : 구분, 카페 : 있음, 리뷰여부 : 있음"
KCCBSPO23N000000162,제일문고,일반서점,북카페,38154,경상북도 경주시 화랑로 106,35.8443258321087,129.212409025284,9:20,21:20,9:20,21:20,9:20,21:20,,,"첫째, 셋째 주 일요일, 명절 당일",0547424885,"여러 종류의 서적과 문구,팬시류, 음료를 판매","화장실 남녀구분 : 구분, 카페 : 있음"
KCCBSPO23N000000163,책방공책,일반서점,북카페,08360,서울특별시 구로구 연동로 287 그린빌라상가 2층 책방공책,37.4873014088389,126.823248192049,13:00,18:00,13:00,18:00,13:00,18:00,,,월요일,05059291076,책방공책과 아날록북컵은 책방과 북카페로 운영 됩니다.,"주차 : 가능, 화장실 남녀구분 : 구분, 카페 : 있음, 리뷰여부 : 있음"
KCCBSPO23N000000164,책방공책,일반서점,북카페,08360,서울특별시 구로구 연동로 287 그린빌라상가 2층 책방공책,37.4873014088389,126.823248192049,13:00,18:00,13:00,18:00,13:00,18:00,,,월요일,05059291076,책방공책과 아날록북컵은 책방과 북카페로 운영 됩니다.,"주차 : 가능, 화장실 남녀구분 : 구분, 카페 : 있음, 리뷰여부 : 있음"
KCCBSPO23N000000165,공상온도,일반서점,북카페,03992,서울특별시 마포구 동교로23길 40 지하,37.5576574792422,126.919809107657,12:00,23:00,12:00,0:00,,,,,,023360247,"금, 토는 정오~자정 영업. 복합 문화 공간","카페 : 있음, 공간대여 : 가능, 독립출판물 : 있음"
KCCBSPO23N000000166,앵프라맹스,일반서점,북카페,03500,서울특별시 은평구 증산로3길 7 서머나교회,37.60647861,126.9166267,,,,,,,,,,07082012949,도서 오픈마켓 북코아에서 창립한 서점형 카페,"주차 : 가능, 카페 : 있음, 헌책방 : 있음"
KCCBSPO23N000000167,완도살롱,독립서점,북바,59121,전라남도 완도군 완도읍 장보고대로248번길 48 1층 완도살롱,34.3128575,126.67555243,20:00,1:00,20:00,1:00,,,,,"일요일, 월요일 휴무",050713053218,"주류와 비주류가 공존하는 곳.완도살롱은 서점과 문구점이 거쳐 간 공간에 자리 잡고 지역민과 여행자, 이방인 그리고 여러분을 기다리고 있습니다.","카페 있음, 리뷰 있음"
